listingId,distributor,sku,query,bestUrl,bestTitle,score,status
"c40197e7-b980-482d-9990-c64f4ccf923e","Merquellantas","NEXEN AH8 185/60R16","llanta NEXEN AH8 185/60R16","","","0","no-results"
"744db9d0-96e8-46ad-838e-f37c12af4ca4","Merquellantas","NEXEN AH8 205/70R16","llanta NEXEN AH8 205/70R16","https://www.alkosto.com/llanta-nexen-ro-atx-205-70-r16/p/8807622218781","Llanta NEXEN RO ATX 205/70 R16","5","attached"
"45bf4e7e-8b65-429b-a76a-77587c24f389","Merquellantas","NEXEN AH8 215/40R18","llanta NEXEN AH8 215/40R18","https://www.alkosto.com/llanta-nexen-npriz-ah8-215-40-r18/p/8807622551604","Llanta NEXEN N'Priz AH8 215/40 R18","5","attached"
"2b3a4643-64d0-440c-9d9b-434c7e8c4830","Merquellantas","NEXEN AH8 215/55R18","llanta NEXEN AH8 215/55R18","https://www.alkosto.com/llanta-nexen-npriz-ah8-215-55r18-95h/p/8807622535901","Llanta NEXEN NPriz AH8 215/55R18 95H","5","attached"
"ac1e2ba5-9886-4868-ab02-84ed78a8c286","Merquellantas","NEXEN AH8 225/55R18","llanta NEXEN AH8 225/55R18","https://www.alkosto.com/llanta-nexen-npriz-ah8-225-55r18-98v/p/8807622471001","Llanta NEXEN NPriz AH8 225/55R18 98V","5","attached"
"31d3067b-19bc-4772-86e3-d409147dc032","Merquellantas","NEXEN AT PRO RA8 215/75R15","llanta NEXEN AT PRO RA8 215/75R15","https://www.alkosto.com/llanta-nexen-roadian-at-pro-ra8-lt-215-75r15/p/8807622175657","Llanta NEXEN Roadian AT Pro RA8 LT 215/75R15","5","attached"
"6e04f6f5-2851-4100-b257-3f91f0ade641","Merquellantas","NEXEN AT PRO RA8 225/70R16","llanta NEXEN AT PRO RA8 225/70R16","https://www.alkosto.com/llanta-nexen-roadian-at-pro-ra8-225-70r16/p/8807622175596","Llanta NEXEN Roadian AT Pro RA8 225/70R16","5","attached"
"93e70956-4418-490e-bbf8-e762562f18ec","Merquellantas","NEXEN AT PRO RA8 225/75R15","llanta NEXEN AT PRO RA8 225/75R15","https://www.alkosto.com/llanta-nexen-roadian-at-pro-ra8-225-75r15/p/8807622175770","Llanta NEXEN Roadian AT Pro RA8 225/75R15","5","attached"
"98d51b93-d5f8-4e0d-b673-08b7f435432f","Merquellantas","NEXEN AT PRO RA8 225/75R16","llanta NEXEN AT PRO RA8 225/75R16","https://www.alkosto.com/llanta-nexen-roadian-at-pro-ra8-225-75r16/p/8807622175619","Llanta NEXEN Roadian AT Pro RA8 225/75R16","5","attached"
"e8f38a64-666b-43e5-bb3d-cd12233565f7","Merquellantas","NEXEN AT PRO RA8 225/75R16","llanta NEXEN AT PRO RA8 225/75R16","https://www.alkosto.com/llanta-nexen-roadian-at-pro-ra8-225-75r16/p/8807622175619","Llanta NEXEN Roadian AT Pro RA8 225/75R16","5","attached"
"8e5c0dd2-d397-4f26-8612-c983d538972c","Merquellantas","NEXEN AT PRO RA8 235/70R16","llanta NEXEN AT PRO RA8 235/70R16","https://www.alkosto.com/llanta-nexen-roadian-at-pro-ra8-235-70r16/p/8807622175794","Llanta NEXEN Roadian AT Pro RA8 235/70R16","5","attached"
"ee478fae-517c-4137-afa7-3a46f083229e","Merquellantas","NEXEN AT PRO RA8 235/75R15","llanta NEXEN AT PRO RA8 235/75R15","https://www.alkosto.com/llanta-nexen-roadian-at-pro-ra8-235-75r15/p/8807622175831","Llanta NEXEN Roadian AT Pro RA8 235/75R15","5","attached"
"265c0be1-bded-457c-a2c6-73f844e6cf0b","Merquellantas","NEXEN AT PRO RA8 245/70R16","llanta NEXEN AT PRO RA8 245/70R16","https://www.alkosto.com/llanta-nexen-roadian-at-pro-ra8-245-70r16/p/8807622175992","Llanta NEXEN Roadian AT Pro RA8 245/70R16","5","attached"
"a2b96915-e7a2-4727-9ea9-f561c2332fa4","Merquellantas","NEXEN AT PRO RA8 245/75R16","llanta NEXEN AT PRO RA8 245/75R16","https://www.alkosto.com/llanta-nexen-roadian-at-pro-ra8-lt-245-75r16/p/8807622175879","Llanta NEXEN Roadian AT Pro RA8 LT 245/75R16","5","attached"
"2d18b3ab-051a-4f6d-ae61-11d24a8cb254","Merquellantas","NEXEN AT PRO RA8 255/70R16","llanta NEXEN AT PRO RA8 255/70R16","https://www.alkosto.com/llanta-nexen-roadian-at-pro-ra8-255-70r16/p/8807622276002","Llanta NEXEN Roadian AT Pro RA8 255/70R16","5","attached"
"1de4dd20-4b78-4c02-b111-d49fb2bd81cb","Merquellantas","NEXEN AT PRO RA8 265/60R18","llanta NEXEN AT PRO RA8 265/60R18","https://www.alkosto.com/llanta-nexen-roadian-at-pro-ra8-265-65r17/p/8807622178191","Llanta NEXEN Roadian AT Pro RA8 265/65R17","3","low-score (3/5)"
"18fc85cc-98ec-441e-ac2f-53a2e61e35ce","Merquellantas","NEXEN AT PRO RA8 265/65R17","llanta NEXEN AT PRO RA8 265/65R17","https://www.alkosto.com/llanta-nexen-roadian-at-pro-ra8-265-65r17/p/8807622178191","Llanta NEXEN Roadian AT Pro RA8 265/65R17","5","attached"
"dc04a16c-e602-4396-96ae-db5b265d33dc","Merquellantas","NEXEN AT PRO RA8 265/70R16","llanta NEXEN AT PRO RA8 265/70R16","https://www.alkosto.com/llanta-nexen-roadian-at-pro-ra8-265-70r16/p/8807622109034","Llanta NEXEN Roadian AT Pro RA8 265/70R16","5","attached"
"c1b1e66e-f50e-4580-8e65-7bd2ebcb8703","Merquellantas","NEXEN AT PRO RA8 265/70R16","llanta NEXEN AT PRO RA8 265/70R16","https://www.alkosto.com/llanta-nexen-roadian-at-pro-ra8-265-70r16/p/8807622109034","Llanta NEXEN Roadian AT Pro RA8 265/70R16","5","attached"
"ed4cf840-14ff-43e7-b87d-b03e8d7cd58d","Merquellantas","NEXEN AT PRO RA8 265/70R17","llanta NEXEN AT PRO RA8 265/70R17","https://www.alkosto.com/llanta-nexen-roadian-at-pro-ra8-lt-265-70r17/p/8807622175916","Llanta NEXEN Roadian AT Pro RA8 LT 265/70R17","5","attached"
"afeba730-1d57-485f-a1e2-a7905638f142","Merquellantas","NEXEN AT PRO RA8 265/75R16","llanta NEXEN AT PRO RA8 265/75R16","https://www.alkosto.com/llanta-nexen-roadian-at-pro-ra8-lt-265-75r16/p/8807622175930","Llanta NEXEN Roadian AT Pro RA8 LT 265/75R16","5","attached"
"607e1fd7-358b-40c5-b07c-4980d78f892a","Merquellantas","NEXEN AT PRO RA8 275/55R20","llanta NEXEN AT PRO RA8 275/55R20","https://www.alkosto.com/llanta-nexen-roadian-at-pro-ra8-275-55r20/p/8807622278303","Llanta NEXEN Roadian AT Pro RA8 275/55R20","5","attached"
"709186f5-3362-4dff-87b3-99b8cc13d451","Merquellantas","NEXEN AT PRO RA8 275/65R17","llanta NEXEN AT PRO RA8 275/65R17","https://www.alkosto.com/llanta-nexen-roadian-at-pro-ra8-275-65r17/p/8807622109799","Llanta NEXEN Roadian AT Pro RA8 275/65R17","5","attached"
"609e627e-1da3-4439-90d7-f7d1b3dc0f16","Merquellantas","NEXEN AT PRO RA8 275/65R17","llanta NEXEN AT PRO RA8 275/65R17","https://www.alkosto.com/llanta-nexen-roadian-at-pro-ra8-275-65r17/p/8807622109799","Llanta NEXEN Roadian AT Pro RA8 275/65R17","5","attached"
"77ae03cb-11ae-4b98-b06d-18334e41d5f9","Merquellantas","NEXEN AT PRO RA8 275/70R16","llanta NEXEN AT PRO RA8 275/70R16","https://www.alkosto.com/llanta-nexen-roadian-at-pro-ra8-275-70r16/p/8807622175633","Llanta NEXEN Roadian AT Pro RA8 275/70R16","5","attached"
"4e212336-5a04-4f8e-a6fb-87e7cfa289ba","Merquellantas","NEXEN AT PRO RA8 31X10.5R15","llanta NEXEN AT PRO RA8 31X10.5R15","https://www.alkosto.com/llanta-nexen-roadian-at-pro-ra8-31x1050r15/p/8807622175954","Llanta NEXEN Roadian AT Pro RA8 31x10.50R15","3","low-score (3/5)"
"5c7c42ee-4022-4545-93b6-961b57e37079","Merquellantas","NEXEN ATX 205/70R16","llanta NEXEN ATX 205/70R16","https://www.alkosto.com/llanta-nexen-ro-atx-205-70-r16/p/8807622218781","Llanta NEXEN RO ATX 205/70 R16","5","attached"
"6f3c940a-9ee9-4f94-b686-b2bdd798c286","Merquellantas","NEXEN ATX 215/60R17","llanta NEXEN ATX 215/60R17","https://www.alkosto.com/llanta-nexen-roadian-atx-215-60-r17/p/8807622218897","Llanta NEXEN Roadian ATX 215/60 R17","5","attached"
"140bb0c0-ee44-44ca-92a5-54b4a480de1b","Merquellantas","NEXEN ATX 215/65R16","llanta NEXEN ATX 215/65R16","https://www.alkosto.com/llanta-nexen-ro-atx-215-65-r16/p/8807622218736","Llanta NEXEN RO ATX 215/65 R16","5","attached"
"a83ee3ce-09d6-434a-aa1c-c94c8a73963f","Merquellantas","NEXEN ATX 215/70R16","llanta NEXEN ATX 215/70R16","https://www.alkosto.com/llanta-nexen-ro-atx-215-70-r16/p/8807622218842","Llanta NEXEN RO ATX 215/70 R16","5","attached"
"3dee6a94-534b-49f9-8d72-f184b9b93549","Merquellantas","NEXEN ATX 225/55R18","llanta NEXEN ATX 225/55R18","https://www.alkosto.com/llanta-nexen-roadian-atx-225-55-r18/p/8807622218835","Llanta NEXEN Roadian ATX 225/55 R18","5","attached"
"48c908e1-b4a8-4c51-b22f-146fde16b845","Merquellantas","NEXEN ATX 225/60R17","llanta NEXEN ATX 225/60R17","https://www.alkosto.com/llanta-nexen-ro-gtx-225-60-r17/p/8807622210891","Llanta NEXEN RO GTX 225/60 R17","5","attached"
"53dc9b1b-2722-4223-83d0-4073cb0871bb","Merquellantas","NEXEN ATX 225/60R18","llanta NEXEN ATX 225/60R18","https://www.alkosto.com/llanta-nexen-ro-gtx-225-60-r18/p/8807622222993","Llanta NEXEN RO GTX 225/60 R18","5","attached"
"97277c49-f06f-455d-9993-b35fbc75aa98","Merquellantas","NEXEN ATX 225/65R17","llanta NEXEN ATX 225/65R17","https://www.alkosto.com/llanta-nexen-roadian-atx-225-65-r17/p/8807622218699","Llanta NEXEN Roadian ATX 225/65 R17","5","attached"
"83eb2b17-dfba-41a8-a362-fca735129dab","Merquellantas","NEXEN ATX 235/60R18","llanta NEXEN ATX 235/60R18","https://www.alkosto.com/llanta-nexen-ro-gtx-235-60-r18/p/8807622210907","Llanta NEXEN RO GTX 235/60 R18","5","attached"
"ea38ecac-aedc-4732-a8d2-b76c49b1bb33","Merquellantas","NEXEN ATX 235/65R17","llanta NEXEN ATX 235/65R17","https://www.alkosto.com/llanta-nexen-ro-atx-235-65-r17/p/8807622218774","Llanta NEXEN RO ATX 235/65 R17","5","attached"
"a5c217f7-2d02-4666-98d1-fe18aefed39f","Merquellantas","NEXEN ATX 235/65R18","llanta NEXEN ATX 235/65R18","https://www.alkosto.com/llanta-nexen-roadian-atx-235-65-r18/p/8807622218880","Llanta NEXEN Roadian ATX 235/65 R18","5","attached"
"996c6def-43a3-4170-b6d1-e1d0f7c34643","Merquellantas","NEXEN ATX 235/75R15","llanta NEXEN ATX 235/75R15","https://www.alkosto.com/llanta-nexen-ro-atx-235-75-r15/p/8807622214684","Llanta NEXEN RO ATX 235/75 R15","5","attached"
"7e1781e2-0778-450f-acd4-fc0d6c7c4fa0","Merquellantas","NEXEN ATX 245/50R20","llanta NEXEN ATX 245/50R20","https://www.alkosto.com/llanta-nexen-roadian-atx-245-50-r20/p/8807622218873","Llanta NEXEN Roadian ATX 245/50 R20","5","attached"
"17bb3364-378f-4e43-a354-c6e8a0fb1e37","Merquellantas","NEXEN ATX 245/60R18","llanta NEXEN ATX 245/60R18","https://www.alkosto.com/llanta-nexen-ro-atx-245-65-r17/p/8807622214578","Llanta NEXEN RO ATX 245/65 R17","3","low-score (3/5)"
"c08cd5b3-819b-4980-9b53-8dce7e35f389","Merquellantas","NEXEN ATX 245/65R17","llanta NEXEN ATX 245/65R17","https://www.alkosto.com/llanta-nexen-ro-atx-245-65-r17/p/8807622214578","Llanta NEXEN RO ATX 245/65 R17","5","attached"
"b1de6c9b-099b-452a-a610-ddc97244c910","Merquellantas","NEXEN ATX 245/75R16","llanta NEXEN ATX 245/75R16","https://www.alkosto.com/llanta-nexen-ro-atx-245-75-r16/p/8807622214639","Llanta NEXEN RO ATX 245/75 R16","5","attached"
"06c93c42-ec40-483d-89d2-18f6e535f402","Merquellantas","NEXEN ATX 245/75R16","llanta NEXEN ATX 245/75R16","https://www.alkosto.com/llanta-nexen-ro-atx-245-75-r16/p/8807622214639","Llanta NEXEN RO ATX 245/75 R16","5","attached"
"5e3c3434-3818-4576-99aa-eea3fba24176","Merquellantas","NEXEN ATX 255/50R20","llanta NEXEN ATX 255/50R20","https://www.alkosto.com/llanta-nexen-nfera-primus-qx-255-50-r20/p/8807622219634","Llanta NEXEN Nfera Primus QX 255/50 R20","5","attached"
"375e1f65-8111-41ba-841d-96be5eb0934f","Merquellantas","NEXEN ATX 255/55R20","llanta NEXEN ATX 255/55R20","https://www.alkosto.com/llanta-nexen-roadian-atx-255-55-r20/p/8807622218859","Llanta NEXEN Roadian ATX 255/55 R20","5","attached"
"6cca70c4-06c0-4672-b539-6ad14d16e0d7","Merquellantas","NEXEN ATX 255/70R18","llanta NEXEN ATX 255/70R18","https://www.alkosto.com/llanta-nexen-roadian-atx-255-70-r18/p/8807622214349","Llanta NEXEN Roadian ATX 255/70 R18","5","attached"
"f0e93131-184f-4db3-9ce2-0c9e365d2b05","Merquellantas","NEXEN ATX 265/50R20","llanta NEXEN ATX 265/50R20","https://www.alkosto.com/llanta-nexen-roatx-lt-265-50-r20/p/8807622214240","Llanta NEXEN ROATX LT 265/50 R20","5","attached"
"86c078e6-3c36-4726-8fbc-fa958f40f5c1","Merquellantas","NEXEN ATX 265/60R18","llanta NEXEN ATX 265/60R18","https://www.alkosto.com/llanta-nexen-ro-atx-265-60-r18/p/8807622214332","Llanta NEXEN RO ATX 265/60 R18","5","attached"
"e4788133-c9dd-4e70-b74b-fe99b0022bd7","Merquellantas","NEXEN ATX 265/60R20","llanta NEXEN ATX 265/60R20","https://www.alkosto.com/llanta-nexen-roadian-atx-lt-265-60-r20/p/8807622214158","Llanta NEXEN Roadian ATX LT 265/60 R20","5","attached"
"e3193b98-4941-4b76-9b5e-d52c713c7b4c","Merquellantas","NEXEN ATX 265/65R17","llanta NEXEN ATX 265/65R17","https://www.alkosto.com/llanta-nexen-ro-atx-265-65-r17/p/8807622214462","Llanta NEXEN RO ATX 265/65 R17","5","attached"
"9b0e4988-7ee1-4db8-9bf0-6f043ac7d321","Merquellantas","NEXEN ATX 265/65R18","llanta NEXEN ATX 265/65R18","https://www.alkosto.com/llanta-nexen-roadian-atx-265-65-r18/p/8807622214325","Llanta NEXEN Roadian ATX 265/65 R18","5","attached"
"3bc1f707-9827-4c74-9507-e2fd79f503aa","Merquellantas","NEXEN ATX 265/70R16","llanta NEXEN ATX 265/70R16","https://www.alkosto.com/llanta-nexen-ro-atx-265-70-r16/p/8807622214653","Llanta NEXEN RO ATX 265/70 R16","5","attached"
"317605a5-d738-4443-bdc3-81eb916eca2e","Merquellantas","NEXEN ATX 265/70R17","llanta NEXEN ATX 265/70R17","https://www.alkosto.com/llanta-nexen-ro-atx-265-70-r17/p/8807622214059","Llanta NEXEN RO ATX 265/70 R17","5","attached"
"f63999f9-7886-494f-a7e5-697c6ce22414","Merquellantas","NEXEN ATX 265/70R17","llanta NEXEN ATX 265/70R17","https://www.alkosto.com/llanta-nexen-ro-atx-265-70-r17/p/8807622214059","Llanta NEXEN RO ATX 265/70 R17","5","attached"
"d630c37c-e40a-48a6-83c7-484174eb10f3","Merquellantas","NEXEN ATX 265/70R18","llanta NEXEN ATX 265/70R18","https://www.alkosto.com/llanta-nexen-roadian-atx-265-70-r18/p/8807622214271","Llanta NEXEN Roadian ATX 265/70 R18","5","attached"
"e8ce66ca-77bc-4f94-8058-fbab065a885b","Merquellantas","NEXEN ATX 265/75R16","llanta NEXEN ATX 265/75R16","https://www.alkosto.com/llanta-nexen-ro-atx-265-75-r16/p/8807622214646","Llanta NEXEN RO ATX 265/75 R16","5","attached"
"0d49bd71-25d8-41fc-9a29-06c89c885c9a","Merquellantas","NEXEN ATX 265/75R16","llanta NEXEN ATX 265/75R16","https://www.alkosto.com/llanta-nexen-ro-atx-265-75-r16/p/8807622214646","Llanta NEXEN RO ATX 265/75 R16","5","attached"
"a86ead25-be56-456a-b616-27f9d8451e4c","Merquellantas","NEXEN ATX 275/55R20","llanta NEXEN ATX 275/55R20","https://www.alkosto.com/llanta-nexen-ro-atx-275-55-r20/p/8807622214073","Llanta NEXEN RO ATX 275/55 R20","5","attached"
"fec85108-97a2-460d-9ff2-7d4aa28f4227","Merquellantas","NEXEN ATX 275/60R20","llanta NEXEN ATX 275/60R20","https://www.alkosto.com/llanta-nexen-roadian-atx-275-60-r20/p/8807622214134","Llanta NEXEN Roadian ATX 275/60 R20","5","attached"
"20cf4a9e-8675-4e84-aa15-6e1267f80416","Merquellantas","NEXEN ATX 275/65R18","llanta NEXEN ATX 275/65R18","https://www.alkosto.com/llanta-nexen-roadian-atx-275-65-r18/p/8807622214257","Llanta NEXEN Roadian ATX 275/65 R18","5","attached"
"14406462-2694-474d-88f9-374ab7255248","Merquellantas","NEXEN ATX 275/70R18","llanta NEXEN ATX 275/70R18","https://www.alkosto.com/llanta-nexen-roadian-atx-lt-275-70-r18/p/8807622215254","Llanta NEXEN Roadian ATX LT 275/70 R18","5","attached"
"a4e66795-56c2-43c6-b95e-db52963c1c46","Merquellantas","NEXEN ATX 285/55R20","llanta NEXEN ATX 285/55R20","https://www.alkosto.com/llanta-nexen-roadian-atx-lt-285-55-r20/p/8807622214165","Llanta NEXEN Roadian ATX LT 285/55 R20","5","attached"
"ba671a9d-091e-403f-9e98-5630789eab71","Merquellantas","NEXEN ATX 285/70R17","llanta NEXEN ATX 285/70R17","https://www.alkosto.com/llanta-nexen-roadian-atx-lt-285-70-r17/p/8807622214486","Llanta NEXEN Roadian ATX LT 285/70 R17","5","attached"
"8e63005b-1628-40c1-931d-96bbb92f9ba8","Merquellantas","NEXEN ATX 305/55R20","llanta NEXEN ATX 305/55R20","https://www.alkosto.com/llanta-nexen-roadian-atx-lt-305-55-r20/p/8807622214189","Llanta NEXEN Roadian ATX LT 305/55 R20","5","attached"
"fd0a4652-98bf-4f01-8888-b2094c02d97f","Merquellantas","NEXEN ATX 31X10.5R15","llanta NEXEN ATX 31X10.5R15","https://www.alkosto.com/llanta-nexen-ro-atx-31-105-r15/p/8807622214592","Llanta NEXEN RO ATX 31/10.5 R15","3","low-score (3/5)"
"2cc37137-1b6d-4134-ba55-f6fa6f195cff","Merquellantas","NEXEN AU7 225/40R19","llanta NEXEN AU7 225/40R19","https://www.alkosto.com/llanta-nexen-nfera-au7-225-40-r19/p/8807622209376","Llanta NEXEN N'Fera AU7 225/40 R19","5","attached"
"5b5ee2ed-1a99-434a-945a-624d865b06f3","Merquellantas","NEXEN AU7 235/45R19","llanta NEXEN AU7 235/45R19","https://www.alkosto.com/llanta-nexen-ct8-235-65-r16/p/8807622147166","Llanta NEXEN CT8 235/65 R16","3","low-score (3/5)"
"f6b75bee-9140-4e16-8bd7-afe710a0d910","Merquellantas","NEXEN AU7 275/35R19","llanta NEXEN AU7 275/35R19","https://www.alkosto.com/llanta-nexen-nfera-au7-275-35-r19/p/8807622563102","Llanta NEXEN N'Fera AU7 275/35 R19","5","attached"
"d1c75df9-bb01-49db-bb72-4c756094e308","Merquellantas","NEXEN AU7 275/40R19","llanta NEXEN AU7 275/40R19","https://www.alkosto.com/llanta-nexen-nfera-au7-275-40-r19/p/8807622563300","Llanta NEXEN N'Fera AU7 275/40 R19","5","attached"
"90504b42-750e-4ce9-95a2-4dbf2f80f7bc","Merquellantas","NEXEN N´FERA QX 205/40R17","llanta NEXEN N´FERA QX 205/40R17","https://www.alkosto.com/llanta-nexen-nf-qx-205-40-r17/p/8807622209888","Llanta NEXEN NF QX 205/40 R17","5","attached"
"166d0e32-2779-459a-98ec-1b78c4a4306e","Merquellantas","NEXEN N´FERA QX 205/45R17","llanta NEXEN N´FERA QX 205/45R17","https://www.alkosto.com/llanta-nexen-nfera-qx-245-45-r20/p/8807622213595","Llanta NEXEN N'Fera QX 245/45 R20","3","low-score (3/5)"
"0c32affa-08b7-44e4-b040-0c4d703c654a","Merquellantas","NEXEN N´FERA QX 205/50R17","llanta NEXEN N´FERA QX 205/50R17","https://www.alkosto.com/llanta-nexen-nf-qx-205-50-r17/p/8807622202261","Llanta NEXEN NF QX 205/50 R17","5","attached"
"76ebb436-7511-40fc-9135-34639d31a38e","Merquellantas","NEXEN N´FERA QX 215/45R17","llanta NEXEN N´FERA QX 215/45R17","https://www.alkosto.com/llanta-nexen-nf-qx-215-45-r17/p/8807622202346","Llanta NEXEN NF QX 215/45 R17","5","attached"
"2021c4e8-f4f1-4012-adaa-c20d37f264ad","Merquellantas","NEXEN N´FERA QX 215/50R17","llanta NEXEN N´FERA QX 215/50R17","https://www.alkosto.com/llanta-nexen-nf-qx-215-50-r17/p/8807622202292","Llanta NEXEN NF QX 215/50 R17","5","attached"
"fd772267-623f-4be1-8101-a11ccc56351c","Merquellantas","NEXEN N´FERA QX 215/55R17","llanta NEXEN N´FERA QX 215/55R17","https://www.alkosto.com/llanta-nexen-nf-qx-215-55-r17/p/8807622202247","Llanta NEXEN NF QX 215/55 R17","5","attached"
"7ea79fd4-948a-4975-956b-4cbf43adf985","Merquellantas","NEXEN N´FERA QX 225/40R18","llanta NEXEN N´FERA QX 225/40R18","https://www.alkosto.com/llanta-nexen-nf-qx-225-40-r18/p/8807622202322","Llanta NEXEN NF QX 225/40 R18","5","attached"
"753a1544-bb79-4129-adec-2b4ed4f14bbf","Merquellantas","NEXEN N´FERA QX 225/45R17","llanta NEXEN N´FERA QX 225/45R17","https://www.alkosto.com/llanta-nexen-nfera-primus-v-225-45r17-94w/p/8807622209925","Llanta NEXEN N'Fera Primus V 225/45R17 94W","5","attached"
"8e02ac8d-97b4-4fbb-b243-ae85c1ade53e","Merquellantas","NEXEN N´FERA QX 225/45R18","llanta NEXEN N´FERA QX 225/45R18","https://www.alkosto.com/llanta-nexen-nf-qx-225-45-r18/p/8807622202339","Llanta NEXEN NF QX 225/45 R18","5","attached"
"01a0593f-532a-46be-9f1d-d41268d23e2c","Merquellantas","NEXEN N´FERA QX 225/45R19","llanta NEXEN N´FERA QX 225/45R19","https://www.alkosto.com/llanta-nexen-nf-qx-225-45-r19/p/8807622202230","Llanta NEXEN NF QX 225/45 R19","5","attached"
"dd7580d8-9d4f-441f-ac2d-e73090a33dcd","Merquellantas","NEXEN N´FERA QX 225/50R17","llanta NEXEN N´FERA QX 225/50R17","https://www.alkosto.com/llanta-nexen-nf-qx-225-50-r17/p/8807622202223","Llanta NEXEN NF QX 225/50 R17","5","attached"
"72479e25-a25d-4697-a3a5-fff75be017f7","Merquellantas","NEXEN N´FERA QX 235/40R18","llanta NEXEN N´FERA QX 235/40R18","https://www.alkosto.com/llanta-nexen-nf-qx-235-40-r18/p/8807622210822","Llanta NEXEN NF QX 235/40 R18","5","attached"
"e550ccbe-8436-4fe2-8eda-2a0535b80178","Merquellantas","NEXEN N´FERA QX 235/45R18","llanta NEXEN N´FERA QX 235/45R18","https://www.alkosto.com/llanta-nexen-nf-qx-235-45-r18/p/8807622202179","Llanta NEXEN NF QX 235/45 R18","5","attached"
"6ee58cf6-766b-4968-a79b-7b809a540c3b","Merquellantas","NEXEN N´FERA QX 235/55R20","llanta NEXEN N´FERA QX 235/55R20","https://www.alkosto.com/llanta-nexen-nfera-qx-235-55-r20/p/8807622213571","Llanta NEXEN N'Fera QX 235/55 R20","5","attached"
"79dbf950-0dc2-4fd5-86a4-4175500290ec","Merquellantas","NEXEN N´FERA QX 245/40R18","llanta NEXEN N´FERA QX 245/40R18","https://www.alkosto.com/llanta-nexen-nfera-qx-245-40-r18/p/8807622202353","Llanta NEXEN N'Fera QX 245/40 R18","5","attached"
"6ed6ac18-adcf-473f-8497-db2cce983f51","Merquellantas","NEXEN N´FERA QX 245/40R19","llanta NEXEN N´FERA QX 245/40R19","https://www.alkosto.com/llanta-nexen-nfera-qx-245-40-r19/p/8807622202162","Llanta NEXEN N'Fera QX 245/40 R19","5","attached"
"1e2194c5-4dd6-4dc2-95a9-68c9e9bca209","Merquellantas","NEXEN N´FERA QX 245/45R20","llanta NEXEN N´FERA QX 245/45R20","https://www.alkosto.com/llanta-nexen-nfera-qx-245-45-r20/p/8807622213595","Llanta NEXEN N'Fera QX 245/45 R20","5","attached"
"4c06d9a0-b9a8-46e1-9985-0a6b01f90642","Merquellantas","NEXEN N´FERA QX 255/50R20","llanta NEXEN N´FERA QX 255/50R20","https://www.alkosto.com/llanta-nexen-nfera-primus-qx-255-50-r20/p/8807622219634","Llanta NEXEN Nfera Primus QX 255/50 R20","5","attached"
"14dd7ab6-56ba-408e-86fe-2471b72a4fef","Merquellantas","NEXEN N´FERA QX 275/45R20","llanta NEXEN N´FERA QX 275/45R20","https://www.alkosto.com/llanta-nexen-nfera-qx-275-45-r20/p/8807622213588","Llanta NEXEN N'Fera QX 275/45 R20","5","attached"
"fb73acf3-8ea6-4309-9a5a-46a70d16f7f4","Merquellantas","NEXEN NP CX 205/55R17","llanta NEXEN NP CX 205/55R17","https://www.alkosto.com/llanta-nexen-npriz-cx-205-55-r17-automovil/p/8807622229954","Llanta NEXEN N'Priz CX 205/55 R17 Automóvil","5","attached"
"34eafe1f-bdc1-42fd-8fe8-cbc32a1700b6","Merquellantas","NEXEN NprizGX 155/65R13","llanta NEXEN NprizGX 155/65R13","https://www.alkosto.com/llanta-nexen-n-priz-gx-155-65r13-73t/p/8807622212048","Llanta NEXEN N´ Priz GX 155/65R13 73T","5","attached"
"30332f20-fc17-4539-98a3-b316e26927f5","Merquellantas","NEXEN NprizGX 155/80R13","llanta NEXEN NprizGX 155/80R13","https://www.alkosto.com/llanta-nexen-nprizgx-155-80r13/p/8807622213243","Llanta Nexen NprizGX 155/80R13","5","attached"
"d299c733-80bb-455a-ab8e-4d9e2b09651b","Merquellantas","NEXEN NprizGX 165/60R14","llanta NEXEN NprizGX 165/60R14","https://www.alkosto.com/llanta-nexen-n-priz-gx-165-60r14-79h/p/8807622213410","Llanta NEXEN N´ Priz GX 165/60R14 79H","5","attached"
"6eb6af20-de01-4a4f-b310-9fe80bb0890b","Merquellantas","NEXEN NprizGX 165/65R13","llanta NEXEN NprizGX 165/65R13","https://www.alkosto.com/llanta-nexen-sh9i-165-65-r13/p/8807622180101","Llanta NEXEN SH9I 165/65 R13","5","attached"
"08195b26-c999-4a27-9cdc-e92dd315e742","Merquellantas","NEXEN NprizGX 165/65R14","llanta NEXEN NprizGX 165/65R14","https://www.alkosto.com/llanta-nexen-n-priz-gx-165-65r14-79h/p/8807622213274","Llanta NEXEN N´ Priz GX 165/65R14 79H","5","attached"
"ce285894-0159-46b9-b19e-ce47462ba195","Merquellantas","NEXEN NprizGX 165/70R13","llanta NEXEN NprizGX 165/70R13","https://www.alkosto.com/llanta-nexen-sh9i-165-70-r13/p/8807622176104","Llanta NEXEN SH9I 165/70 R13","5","attached"
"32cbbbc4-e3bf-406b-96bf-8350fda64d57","Merquellantas","NEXEN NprizGX 165/70R14","llanta NEXEN NprizGX 165/70R14","https://www.alkosto.com/llanta-nexen-roadian-ct8-165-70r14/p/8807622179433","Llanta NEXEN Roadian CT8 165/70R14","5","attached"
"0731ef58-146f-4fa1-b485-90208d8f5204","Merquellantas","NEXEN NprizGX 175/60R15","llanta NEXEN NprizGX 175/60R15","https://www.alkosto.com/llanta-nexen-nprizgx-195-55r15/p/8807622213007","Llanta Nexen NprizGX 195/55R15","3","low-score (3/5)"
"ac98e4a4-d49c-4eba-b9f4-e77c03c9e63b","Merquellantas","NEXEN NprizGX 175/65R14","llanta NEXEN NprizGX 175/65R14","https://www.alkosto.com/llanta-nexen-n-priz-gx-175-65r14-82h/p/8807622213250","Llanta NEXEN N´ Priz GX 175/65R14 82H","5","attached"
"e6f6c13d-d997-4048-8624-b13c95de9718","Merquellantas","NEXEN NprizGX 175/65R15","llanta NEXEN NprizGX 175/65R15","https://www.alkosto.com/llanta-nexen-n-priz-gx-175-65r15-84h/p/8807622213540","Llanta NEXEN N´ Priz GX 175/65R15 84H","5","attached"
"90118be7-9a0b-4a82-946e-be477be85eeb","Merquellantas","NEXEN NprizGX 175/70R13","llanta NEXEN NprizGX 175/70R13","https://www.alkosto.com/llanta-nexen-npriz-sh9i-175-70r13/p/8807622176128","Llanta NEXEN N'Priz SH9I 175/70R13","5","attached"
"7ed51818-0305-485e-861f-5e0f5882ec3e","Merquellantas","NEXEN NprizGX 175/70R14","llanta NEXEN NprizGX 175/70R14","https://www.alkosto.com/llanta-nexen-roadian-ct8-175-70r14/p/8807622179860","Llanta NEXEN Roadian CT8 175/70R14","5","attached"
"ebaf5946-2816-4e59-b28b-e4f29aa0d732","Merquellantas","NEXEN NprizGX 185/55R15","llanta NEXEN NprizGX 185/55R15","https://www.alkosto.com/llanta-nexen-n-priz-gx-185-55r15-82v/p/8807622213199","Llanta NEXEN N´ Priz GX 185/55R15 82V","5","attached"
"9634ac3b-86b7-4ce2-b0a0-4cb7075a3c19","Merquellantas","NEXEN NprizGX 185/60R14","llanta NEXEN NprizGX 185/60R14","https://www.alkosto.com/llanta-nexen-n-priz-gx-185-60r14-82h/p/8807622212055","Llanta NEXEN N´ Priz GX 185/60R14 82H","5","attached"
"acfc8933-32fd-44d8-8f0c-2aac59fe5dc8","Merquellantas","NEXEN NprizGX 185/65R14","llanta NEXEN NprizGX 185/65R14","https://www.alkosto.com/llanta-nexen-n-priz-gx-185-65r14-86h/p/8807622212031","Llanta NEXEN N´ Priz GX 185/65R14 86H","5","attached"
"60340ef4-7f85-44a0-8fb1-af4164a6714c","Merquellantas","NEXEN NprizGX 185/65R15","llanta NEXEN NprizGX 185/65R15","https://www.alkosto.com/llanta-nexen-primus-v-185-65r15/p/8807622217579","Llanta NEXEN Primus V 185/65R15","5","attached"
"e9ce7754-23b7-4c9f-ba6e-a995ebe67cff","Merquellantas","NEXEN NprizGX 185/70R14","llanta NEXEN NprizGX 185/70R14","https://www.alkosto.com/llanta-nexen-n-priz-gx-185-70r14-88t/p/8807622213465","Llanta NEXEN N´ Priz GX 185/70R14 88T","5","attached"
"a48ce472-d290-4af8-8d29-1d52e578aa69","Merquellantas","NEXEN NprizGX 195/50R16","llanta NEXEN NprizGX 195/50R16","https://www.alkosto.com/llanta-nexen-primus-v-195-50r16/p/8807622217722","Llanta NEXEN Primus V 195/50R16","5","attached"
"e7273ea4-ae6c-4770-a391-cfd7abead254","Merquellantas","NEXEN NprizGX 195/55R15","llanta NEXEN NprizGX 195/55R15","https://www.alkosto.com/llanta-nexen-nprizgx-195-55r15/p/8807622213007","Llanta Nexen NprizGX 195/55R15","5","attached"
"ee99365c-115c-4e5a-b02f-3f7738df90c0","Merquellantas","NEXEN NprizGX 195/55R16","llanta NEXEN NprizGX 195/55R16","https://www.alkosto.com/llanta-nexen-nprizgx-195-55r15/p/8807622213007","Llanta Nexen NprizGX 195/55R15","3","low-score (3/5)"
"77853779-79dd-4961-b12f-dbb5b1e94e10","Merquellantas","NEXEN NprizGX 195/60R15","llanta NEXEN NprizGX 195/60R15","https://www.alkosto.com/llanta-nexen-nfera-primus-v-195-60r15-88v/p/8807622209826","Llanta NEXEN N'Fera Primus V 195/60R15 88V","5","attached"
"a8ca1655-d933-494f-a152-50ee16713fce","Merquellantas","NEXEN NprizGX 195/60R16","llanta NEXEN NprizGX 195/60R16","https://www.alkosto.com/llanta-nexen-nprizgx-195-55r15/p/8807622213007","Llanta Nexen NprizGX 195/55R15","3","low-score (3/5)"
"21b781ca-4076-4eca-b097-f1800fd37879","Merquellantas","NEXEN NprizGX 195/65R15","llanta NEXEN NprizGX 195/65R15","https://www.alkosto.com/llanta-nexen-nprizgx-195-55r15/p/8807622213007","Llanta Nexen NprizGX 195/55R15","3","low-score (3/5)"
"e84d2be6-7fb8-4ed1-ab4e-bc6b4380d9b9","Merquellantas","NEXEN NprizGX 205/50R17","llanta NEXEN NprizGX 205/50R17","https://www.alkosto.com/llanta-nexen-primus-v-205-50r17/p/8807622217630","Llanta NEXEN Primus V 205/50R17","5","attached"
"01774d11-5602-45e7-9c78-f8be2d5f99a2","Merquellantas","NEXEN NprizGX 205/55R16","llanta NEXEN NprizGX 205/55R16","https://www.alkosto.com/llanta-nexen-n-priz-gx-205-55r16-91v/p/8807622211218","Llanta NEXEN N´ Priz GX 205/55R16 91V","5","attached"
"e3dd1d7a-5bcc-4732-8a2a-f9a42296613d","Merquellantas","NEXEN NprizGX 205/60R15","llanta NEXEN NprizGX 205/60R15","https://www.alkosto.com/llanta-nexen-primus-v-205-60r15/p/8807622217586","Llanta NEXEN Primus V 205/60R15","5","attached"
"ebdb3b84-1129-46bf-9e77-32034c33bc24","Merquellantas","NEXEN NprizGX 205/60R16","llanta NEXEN NprizGX 205/60R16","https://www.alkosto.com/llanta-nexen-n-priz-gx-205-60r16-92v/p/8807622211232","Llanta NEXEN N´ Priz GX 205/60R16 92V","5","attached"
"ccd4ba64-535f-47dc-a572-723a2f95b67f","Merquellantas","NEXEN NprizGX 205/65R15","llanta NEXEN NprizGX 205/65R15","https://www.alkosto.com/llanta-nexen-primus-v-205-65r15/p/8807622217753","Llanta NEXEN Primus V 205/65R15","5","attached"
"0958b9ae-3cdb-4f4e-8353-c4f9aee730cb","Merquellantas","NEXEN NprizGX 215/55R16","llanta NEXEN NprizGX 215/55R16","https://www.alkosto.com/llanta-nexen-primus-v-215-55r16/p/8807622217692","Llanta NEXEN Primus V 215/55R16","5","attached"
"c4770b10-f53a-474c-a756-461a8ab920cd","Merquellantas","NEXEN NprizGX 215/60R16","llanta NEXEN NprizGX 215/60R16","https://www.alkosto.com/llanta-nexen-primus-v-215-60r16/p/8807622217760","Llanta NEXEN Primus V 215/60R16","5","attached"
"5a91f36c-fa17-47fb-a801-48c6666087f2","Merquellantas","NEXEN NprizGX 225/50R17","llanta NEXEN NprizGX 225/50R17","https://www.alkosto.com/llanta-nexen-nf-qx-225-50-r17/p/8807622202223","Llanta NEXEN NF QX 225/50 R17","5","attached"
"0875c9f8-7817-43fc-a54f-b76be3281977","Merquellantas","NEXEN Primus V 185/55R15","llanta NEXEN Primus V 185/55R15","https://www.alkosto.com/llanta-nexen-nfera-primus-v-185-55r15-82v/p/8807622209819","Llanta NEXEN N'Fera Primus V 185/55R15 82V","5","attached"
"c0150b74-a5a8-463f-abc1-6d993c35312f","Merquellantas","NEXEN Primus V 185/60R13","llanta NEXEN Primus V 185/60R13","https://www.alkosto.com/llanta-nexen-nfera-primus-v-185-60r13-80h/p/8807622209864","Llanta NEXEN N'Fera Primus V 185/60R13 80H","5","attached"
"ea9be4a4-b227-4cd3-8e9b-02be5f317a6c","Merquellantas","NEXEN Primus V 185/60R14","llanta NEXEN Primus V 185/60R14","https://www.alkosto.com/llanta-nexen-nfera-primus-v-185-60r14-82h/p/8807622209789","Llanta NEXEN N'Fera Primus V 185/60R14 82H","5","attached"
"9453046b-5d21-43b7-a65d-dece35eebd6d","Merquellantas","NEXEN Primus V 185/60R15","llanta NEXEN Primus V 185/60R15","https://www.alkosto.com/llanta-nexen-nfera-primus-v-185-60r15-84h/p/8807622209796","Llanta NEXEN N'Fera Primus V 185/60R15 84H","5","attached"
"25357adc-f235-4633-9ea9-31f079aaf721","Merquellantas","NEXEN Primus V 185/65R14","llanta NEXEN Primus V 185/65R14","https://www.alkosto.com/llanta-nexen-nfera-primus-v-185-65r14-86h/p/8807622209857","Llanta NEXEN N'Fera Primus V 185/65R14 86H","5","attached"
"56384c52-66af-4c06-871f-e704ba494628","Merquellantas","NEXEN Primus V 185/65R15","llanta NEXEN Primus V 185/65R15","https://www.alkosto.com/llanta-nexen-primus-v-185-65r15/p/8807622217579","Llanta NEXEN Primus V 185/65R15","5","attached"
"d62a49af-37d9-4d2c-8dc1-23633c91d768","Merquellantas","NEXEN Primus V 195/50R15","llanta NEXEN Primus V 195/50R15","https://www.alkosto.com/llanta-nexen-nfera-primus-v-195-50r15-82v/p/8807622209772","Llanta NEXEN N'Fera Primus V 195/50R15 82V","5","attached"
"8345fc0b-451a-4133-9aa2-b38409b7251c","Merquellantas","NEXEN Primus V 195/50R16","llanta NEXEN Primus V 195/50R16","https://www.alkosto.com/llanta-nexen-primus-v-195-50r16/p/8807622217722","Llanta NEXEN Primus V 195/50R16","5","attached"
"a25ae65c-0fba-4541-b41f-3b29d8de1d06","Merquellantas","NEXEN Primus V 195/55R15","llanta NEXEN Primus V 195/55R15","https://www.alkosto.com/llanta-nexen-nfera-primus-v-195-55r15-85v/p/8807622209802","Llanta NEXEN N'Fera Primus V 195/55R15 85V","5","attached"
"97d8c2e4-caa9-49c0-b81b-9f745042c422","Merquellantas","NEXEN Primus V 195/55R16","llanta NEXEN Primus V 195/55R16","https://www.alkosto.com/llanta-nexen-primus-v-195-50r16/p/8807622217722","Llanta NEXEN Primus V 195/50R16","3","low-score (3/5)"
"52187140-e5cf-482e-9f24-a1d6a40b184d","Merquellantas","NEXEN Primus V 195/60R14","llanta NEXEN Primus V 195/60R14","https://www.alkosto.com/llanta-nexen-nfera-primus-v-195-60r15-88v/p/8807622209826","Llanta NEXEN N'Fera Primus V 195/60R15 88V","3","low-score (3/5)"
"61eb124f-1739-489a-a4bd-560aea9459d6","Merquellantas","NEXEN Primus V 195/60R15","llanta NEXEN Primus V 195/60R15","https://www.alkosto.com/llanta-nexen-nfera-primus-v-195-60r15-88v/p/8807622209826","Llanta NEXEN N'Fera Primus V 195/60R15 88V","5","attached"
"5539e7d1-6f2b-4b2f-a23a-af590a22e8ef","Merquellantas","NEXEN Primus V 195/65R15","llanta NEXEN Primus V 195/65R15","https://www.alkosto.com/llanta-nexen-primus-v-195-65r15/p/8807622217685","Llanta NEXEN Primus V 195/65R15","5","attached"
"00d43eaa-1d21-462c-82bb-45359b87dc7d","Merquellantas","NEXEN Primus V 205/40R17","llanta NEXEN Primus V 205/40R17","https://www.alkosto.com/llanta-nexen-primus-v-205-40r17/p/8807622217661","Llanta NEXEN Primus V 205/40R17","5","attached"
"d7607e33-7cdd-469c-93ef-f5ace923feb6","Merquellantas","NEXEN Primus V 205/45R17","llanta NEXEN Primus V 205/45R17","https://www.alkosto.com/llanta-nexen-primus-v-205-45r17/p/8807622217777","Llanta NEXEN Primus V 205/45R17","5","attached"
"8264b577-d33c-4de6-9374-7e804978071f","Merquellantas","NEXEN Primus V 205/50R17","llanta NEXEN Primus V 205/50R17","https://www.alkosto.com/llanta-nexen-primus-v-205-50r17/p/8807622217630","Llanta NEXEN Primus V 205/50R17","5","attached"
"c86c369c-4b37-4afb-83fc-ea2ce2757e67","Merquellantas","NEXEN Primus V 205/55R16","llanta NEXEN Primus V 205/55R16","https://www.alkosto.com/llanta-nexen-nfera-primus-v-205-55r16-91v/p/8807622209833","Llanta NEXEN N'Fera Primus V 205/55R16 91V","5","attached"
"4627cd24-7c15-4ee7-8543-80cc887beead","Merquellantas","NEXEN Primus V 205/60R15","llanta NEXEN Primus V 205/60R15","https://www.alkosto.com/llanta-nexen-primus-v-205-60r15/p/8807622217586","Llanta NEXEN Primus V 205/60R15","5","attached"
"734013d2-1042-483f-833e-b3b75e29e7c7","Merquellantas","NEXEN Primus V 205/60R16","llanta NEXEN Primus V 205/60R16","https://www.alkosto.com/llanta-nexen-primus-v-205-60r15/p/8807622217586","Llanta NEXEN Primus V 205/60R15","3","low-score (3/5)"
"16fcba50-19fa-43de-8102-8e2c51f1a4ca","Merquellantas","NEXEN Primus V 205/65R15","llanta NEXEN Primus V 205/65R15","https://www.alkosto.com/llanta-nexen-primus-v-205-65r15/p/8807622217753","Llanta NEXEN Primus V 205/65R15","5","attached"
"0755b325-3da2-47c0-a5e8-e6d2256d8742","Merquellantas","NEXEN Primus V 215/45R17","llanta NEXEN Primus V 215/45R17","https://www.alkosto.com/llanta-nexen-primus-v-215-45r17/p/8807622217562","Llanta NEXEN Primus V 215/45R17","5","attached"
"5e3d3d2e-fbf4-4a5c-a687-5765bc44fc77","Merquellantas","NEXEN Primus V 215/50R17","llanta NEXEN Primus V 215/50R17","https://www.alkosto.com/llanta-nexen-primus-v-215-50r17/p/8807622217739","Llanta NEXEN Primus V 215/50R17","5","attached"
"8f05b5f9-bffb-40ae-a44b-9a1fcd3e2cf6","Merquellantas","NEXEN Primus V 215/55R16","llanta NEXEN Primus V 215/55R16","https://www.alkosto.com/llanta-nexen-primus-v-215-55r16/p/8807622217692","Llanta NEXEN Primus V 215/55R16","5","attached"
"a9ef500e-8ea8-45d5-b1ad-2f544bc961db","Merquellantas","NEXEN Primus V 215/55R17","llanta NEXEN Primus V 215/55R17","https://www.alkosto.com/llanta-nexen-primus-v-215-50r17/p/8807622217739","Llanta NEXEN Primus V 215/50R17","3","low-score (3/5)"
"3f430727-190f-46c1-b156-ab9bd6622b57","Merquellantas","NEXEN Primus V 215/60R16","llanta NEXEN Primus V 215/60R16","https://www.alkosto.com/llanta-nexen-primus-v-215-60r16/p/8807622217760","Llanta NEXEN Primus V 215/60R16","5","attached"
"4fdffebe-82f7-4850-9881-b83c0d7c6a66","Merquellantas","NEXEN Primus V 225/40R18","llanta NEXEN Primus V 225/40R18","https://www.alkosto.com/llanta-nexen-primus-v-225-40r18/p/8807622217654","Llanta NEXEN Primus V 225/40R18","5","attached"
"d4822e29-4728-49f5-afba-7465b5f96a0f","Merquellantas","NEXEN Primus V 225/45R17","llanta NEXEN Primus V 225/45R17","https://www.alkosto.com/llanta-nexen-nfera-primus-v-225-45r17-94w/p/8807622209925","Llanta NEXEN N'Fera Primus V 225/45R17 94W","5","attached"
"ac172dd0-f4c1-4131-9d93-40605d497ee3","Merquellantas","NEXEN Primus V 225/50R17","llanta NEXEN Primus V 225/50R17","https://www.alkosto.com/llanta-nexen-primus-v-225-40r18/p/8807622217654","Llanta NEXEN Primus V 225/40R18","3","low-score (3/5)"
"b4fd5d9a-54e5-4be0-8758-78fc2ed30f10","Merquellantas","NEXEN Primus V 225/60R16","llanta NEXEN Primus V 225/60R16","https://www.alkosto.com/llanta-nexen-primus-v-225-60r16/p/8807622217746","Llanta NEXEN Primus V 225/60R16","5","attached"
"0e1f1d9b-ae58-4b4e-8669-75f300b79a17","Merquellantas","NEXEN Primus V 235/45R18","llanta NEXEN Primus V 235/45R18","https://www.alkosto.com/llanta-nexen-primus-v-235-45r18/p/8807622217791","Llanta NEXEN Primus V 235/45R18","5","attached"
"3ef615a6-6344-477d-8cd3-a44ad2af4d11","Merquellantas","NEXEN Primus V 235/50R18","llanta NEXEN Primus V 235/50R18","https://www.alkosto.com/llanta-nexen-primus-v-235-50r18/p/8807622217623","Llanta NEXEN Primus V 235/50R18","5","attached"
"7c4e083f-4850-4947-9c9c-7e715b24dd15","Merquellantas","NEXEN RO AT 215/65R16","llanta NEXEN RO AT 215/65R16","https://www.alkosto.com/llanta-nexen-ro-gtx-215-65-r16/p/8807622210648","Llanta NEXEN RO GTX 215/65 R16","5","attached"
"9118c25b-165e-4346-b30f-458a93724a91","Merquellantas","NEXEN RO CT8 165/70R14","llanta NEXEN RO CT8 165/70R14","https://www.alkosto.com/llanta-nexen-roadian-ct8-165-70r14/p/8807622179433","Llanta NEXEN Roadian CT8 165/70R14","5","attached"
"ff27e3b1-43f7-4826-852b-2c72af025978","Merquellantas","NEXEN RO CT8 175/70R14","llanta NEXEN RO CT8 175/70R14","https://www.alkosto.com/llanta-nexen-roadian-ct8-175-70r14/p/8807622179860","Llanta NEXEN Roadian CT8 175/70R14","5","attached"
"94a85fcc-c4f0-4f32-8050-0921d202d3a3","Merquellantas","NEXEN RO CT8 185R14","llanta NEXEN RO CT8 185R14","https://www.alkosto.com/llanta-nexen-ro-gtx-215-65-r16/p/8807622210648","Llanta NEXEN RO GTX 215/65 R16","3","low-score (3/5)"
"1490af5d-406e-488c-950f-8cb752e27865","Merquellantas","NEXEN RO CT8 195/70R15","llanta NEXEN RO CT8 195/70R15","https://www.alkosto.com/llanta-nexen-roadian-ct8-195-70r15/p/8807622147067","Llanta NEXEN Roadian CT8 195/70R15","5","attached"
"dd47cde9-51cc-4995-a0c7-d3b7f493951c","Merquellantas","NEXEN RO CT8 195/75R16","llanta NEXEN RO CT8 195/75R16","https://www.alkosto.com/llanta-nexen-roadian-ct8-195-75r16/p/8807622185861","Llanta NEXEN Roadian CT8 195/75R16","5","attached"
"e880d0c8-4380-4b16-b913-911d12ceda86","Merquellantas","NEXEN RO CT8 195R14","llanta NEXEN RO CT8 195R14","https://www.alkosto.com/llanta-nexen-roadian-ct8-195-r14/p/8807622179273","Llanta NEXEN Roadian CT8 195/R14","3","low-score (3/5)"
"05ad2b65-2682-47cf-af4e-22a714afa231","Merquellantas","NEXEN RO CT8 195R15","llanta NEXEN RO CT8 195R15","https://www.alkosto.com/llanta-nexen-roadian-ct8-195r15/p/8807622176739","Llanta NEXEN Roadian CT8 195R15","5","attached"
"881a6db2-aaef-4d0e-9369-4cb9bb21d33c","Merquellantas","NEXEN RO CT8 205/65R16","llanta NEXEN RO CT8 205/65R16","https://www.alkosto.com/llanta-nexen-roadian-ct8-205-65r16/p/8807622179556","Llanta NEXEN Roadian CT8 205/65R16","5","attached"
"d793a102-8f75-403b-ae9b-74ca98b27912","Merquellantas","NEXEN RO CT8 215/65R16","llanta NEXEN RO CT8 215/65R16","https://www.alkosto.com/llanta-nexen-roadian-ct8-215-65r16-109-107t-clt/p/8807622179655","Llanta NEXEN ROADIAN CT8 215/65R16 109/107T - C.LT","5","attached"
"a9cbbb87-3cdc-4ce4-920d-a63b9e14514c","Merquellantas","NEXEN RO CT8 215/70R15","llanta NEXEN RO CT8 215/70R15","https://www.alkosto.com/llanta-nexen-roadian-ct8-215-70r15/p/8807622179372","Llanta NEXEN Roadian CT8 215/70R15","5","attached"
"5c2f2b09-bd35-404d-bf07-3ee604a5ed7e","Merquellantas","NEXEN RO CT8 215/75R14","llanta NEXEN RO CT8 215/75R14","https://www.alkosto.com/llanta-nexen-roadian-ct8-215-75r14/p/8807622179846","Llanta NEXEN Roadian CT8 215/75R14","5","attached"
"1f56822a-0396-409a-9f96-159f061109b8","Merquellantas","NEXEN RO CT8 225/65R16","llanta NEXEN RO CT8 225/65R16","https://www.alkosto.com/llanta-nexen-roadian-ct8-225-65r16/p/8807622185779","Llanta NEXEN Roadian CT8 225/65R16","5","attached"
"c2cbda5f-a273-4c71-a7a2-b357b7329d60","Merquellantas","NEXEN RO CT8 225/70R15","llanta NEXEN RO CT8 225/70R15","https://www.alkosto.com/llanta-nexen-roadian-ct8-225-70r15-112-110t/p/8807622194047","Llanta NEXEN Roadian CT8 225/70R15 112/110T","5","attached"
"16640e75-2c09-42ce-a553-9d12c581dd79","Merquellantas","NEXEN RO CT8 225/75R16","llanta NEXEN RO CT8 225/75R16","https://www.alkosto.com/llanta-nexen-roadian-ct8-225-75r16/p/8807622179693","Llanta NEXEN Roadian CT8 225/75R16","5","attached"
"8f70411d-fe78-480d-8fe4-8b047e27f2ae","Merquellantas","NEXEN RO CT8 235/65R16","llanta NEXEN RO CT8 235/65R16","https://www.alkosto.com/llanta-nexen-ct8-235-65-r16/p/8807622147166","Llanta NEXEN CT8 235/65 R16","5","attached"
"5b9a3da3-f3ed-416d-9a8f-4c8d20f1c2f1","Merquellantas","NEXEN RO GTX 215/50R18","llanta NEXEN RO GTX 215/50R18","https://www.alkosto.com/llanta-nexen-roadian-gtx-215-50-r18/p/8807622213618","Llanta NEXEN Roadian GTX 215/50 R18","5","attached"
"acb1b081-facf-48d1-8620-398f7ccab2e2","Merquellantas","NEXEN RO GTX 215/55R18","llanta NEXEN RO GTX 215/55R18","https://www.alkosto.com/llanta-nexen-roadian-gtx-215-55-r18/p/8807622213663","Llanta NEXEN Roadian GTX 215/55 R18","5","attached"
"c0fcff81-2bd4-49b9-94f3-d1c3286b4aad","Merquellantas","NEXEN RO GTX 215/60R17","llanta NEXEN RO GTX 215/60R17","https://www.alkosto.com/llanta-nexen-ro-gtx-215-60-r17/p/8807622210600","Llanta NEXEN RO GTX 215/60 R17","5","attached"
"e9f46873-64b0-43cd-ba9a-89e16fb7b1e2","Merquellantas","NEXEN RO GTX 215/65R16","llanta NEXEN RO GTX 215/65R16","https://www.alkosto.com/llanta-nexen-ro-gtx-215-65-r16/p/8807622210648","Llanta NEXEN RO GTX 215/65 R16","5","attached"
"015dd10e-5403-48e0-8d41-d606828bf86d","Merquellantas","NEXEN RO GTX 215/65R17","llanta NEXEN RO GTX 215/65R17","https://www.alkosto.com/llanta-nexen-roadian-gtx-215-65r17/p/8807622198052","Llanta Nexen ROADIAN GTX 215/65R17","5","attached"
"8dfa300e-ffc8-412d-af91-543d92c48b5d","Merquellantas","NEXEN RO GTX 215/70R16","llanta NEXEN RO GTX 215/70R16","https://www.alkosto.com/llanta-nexen-ro-gtx-215-70-r16/p/8807622210662","Llanta NEXEN RO GTX 215/70 R16","5","attached"
"70210588-b35d-49c7-bbdc-119abb13b7f4","Merquellantas","NEXEN RO GTX 225/50R18","llanta NEXEN RO GTX 225/50R18","https://www.alkosto.com/llanta-nexen-ro-gtx-225-50-r18/p/8807622213304","Llanta NEXEN RO GTX 225/50 R18","5","attached"
"24590970-3789-432f-ba6f-c0cd42b1d922","Merquellantas","NEXEN RO GTX 225/55R18","llanta NEXEN RO GTX 225/55R18","https://www.alkosto.com/llanta-nexen-ro-gtx-225-55-r18/p/8807622210884","Llanta NEXEN RO GTX 225/55 R18","5","attached"
"ccbd4228-3e7e-4936-81c1-bc8f1f17cd16","Merquellantas","NEXEN RO GTX 225/55R19","llanta NEXEN RO GTX 225/55R19","https://www.alkosto.com/llanta-nexen-ro-gtx-225-55-r19/p/8807622211256","Llanta NEXEN RO GTX 225/55 R19","5","attached"
"81d038e2-9f89-462b-a734-17fef230f012","Merquellantas","NEXEN RO GTX 225/60R17","llanta NEXEN RO GTX 225/60R17","https://www.alkosto.com/llanta-nexen-ro-gtx-225-60-r17/p/8807622210891","Llanta NEXEN RO GTX 225/60 R17","5","attached"
"195201e9-d7b0-4583-b769-114874c6fefd","Merquellantas","NEXEN RO GTX 225/60R18","llanta NEXEN RO GTX 225/60R18","https://www.alkosto.com/llanta-nexen-ro-gtx-225-60-r18/p/8807622222993","Llanta NEXEN RO GTX 225/60 R18","5","attached"
"4d084303-bd45-493d-9daf-7359ee9a2918","Merquellantas","NEXEN RO GTX 225/65R17","llanta NEXEN RO GTX 225/65R17","https://www.alkosto.com/llanta-nexen-ro-gtx-225-65-r17/p/8807622210624","Llanta NEXEN RO GTX 225/65 R17","5","attached"
"55dd9adb-3381-410d-b0c1-aef80d3110f7","Merquellantas","NEXEN RO GTX 235/50R19","llanta NEXEN RO GTX 235/50R19","https://www.alkosto.com/llanta-nexen-roadian-gtx-235-50-r19/p/8807622213632","Llanta NEXEN Roadian GTX 235/50 R19","5","attached"
"3f10920b-acba-4843-95f6-c15e7f22a642","Merquellantas","NEXEN RO GTX 235/55R17","llanta NEXEN RO GTX 235/55R17","https://www.alkosto.com/llanta-nexen-ro-gtx-235-55-r17/p/8807622213625","Llanta NEXEN RO GTX 235/55 R17","5","attached"
"970554a3-7782-4cb9-a5a6-b334bedc171f","Merquellantas","NEXEN RO GTX 235/55R18","llanta NEXEN RO GTX 235/55R18","https://www.alkosto.com/llanta-nexen-ro-gtx-235-55-r18/p/8807622213649","Llanta NEXEN RO GTX 235/55 R18","5","attached"
"a86e85d6-aa02-425e-9a92-116aeecef38d","Merquellantas","NEXEN RO GTX 235/55R19","llanta NEXEN RO GTX 235/55R19","https://www.alkosto.com/llanta-nexen-ro-gtx-235-55-r19/p/8807622198458","Llanta NEXEN RO GTX 235/55 R19","5","attached"
"0a4a9def-b25e-45af-96fe-3d26293d6ec9","Merquellantas","NEXEN RO GTX 235/60R17","llanta NEXEN RO GTX 235/60R17","https://www.alkosto.com/llanta-nexen-ro-gtx-235-60-r17/p/8807622213298","Llanta NEXEN RO GTX 235/60 R17","5","attached"
"c947706f-7f37-4180-a75e-b682f840937c","Merquellantas","NEXEN RO GTX 235/60R18","llanta NEXEN RO GTX 235/60R18","https://www.alkosto.com/llanta-nexen-ro-gtx-235-60-r18/p/8807622210907","Llanta NEXEN RO GTX 235/60 R18","5","attached"
"95611913-4181-40da-8c27-8077689e1055","Merquellantas","NEXEN RO GTX 235/65R17","llanta NEXEN RO GTX 235/65R17","https://www.alkosto.com/llanta-nexen-ro-atx-235-65-r17/p/8807622218774","Llanta NEXEN RO ATX 235/65 R17","5","attached"
"4a48d993-8828-4928-ac05-b49325c63053","Merquellantas","NEXEN RO GTX 245/55R19","llanta NEXEN RO GTX 245/55R19","https://www.alkosto.com/llanta-nexen-roadian-gtx-245-55-r19/p/8807622213281","Llanta NEXEN Roadian GTX 245/55 R19","5","attached"
"72108c28-c8ce-49a2-97a9-1765750b87e4","Merquellantas","NEXEN RO GTX 255/45R20","llanta NEXEN RO GTX 255/45R20","https://www.alkosto.com/llanta-nexen-ro-gtx-255-45-r20/p/8807622225420","Llanta NEXEN RO GTX 255/45 R20","5","attached"
"d09f7a40-a7fc-4bb2-8e2c-8c43bc93c0fc","Merquellantas","NEXEN RO GTX 255/50R19","llanta NEXEN RO GTX 255/50R19","https://www.alkosto.com/llanta-nexen-ro-gtx-255-50-r19/p/8807622213687","Llanta NEXEN RO GTX 255/50 R19","5","attached"
"c240d0a7-d7fd-4cd5-95eb-df8d105035c3","Merquellantas","NEXEN RU5 235/55R18","llanta NEXEN RU5 235/55R18","https://www.alkosto.com/llanta-nexen-ro-gtx-235-55-r18/p/8807622213649","Llanta NEXEN RO GTX 235/55 R18","5","attached"